{"cameraMode":{"drawMode":0,"name":"Shaded","section":"Shading Mode"},"sceneLighting":true,"audioPlay":false,"sceneViewState":{"showFog":true,"showMaterialUpdate":false,"showSkybox":true,"showFlares":true,"showImageEffects":true,"showParticleSystems":true,"showVisualEffectGraphs":true,"m_FxEnabled":true},"in2DMode":false,"pivot":{"x":-13.398969650268555,"y":5.949056625366211,"z":3.7554702758789064},"rotation":{"x":-0.3129596412181854,"y":-0.0037071076221764089,"z":0.001221153186634183,"w":-0.9497615098953247},"size":55.118324279785159,"orthographic":false}